id,cohort,family,days,minutes,profile,normal_weekly_sets,week1_sets,week2_sets,max_session_sets,knee_dominant_sets,hinge_sets,knee_flexion_sets,horizontal_pull_sets,vertical_pull_sets,markers
R001,representative,growth,3,60,standard,49,49,49,17,9,9,0,6,3,gym_no_knee_flexion;no_specific_rear_delt_movement
R002,representative,growth,4,60,standard,60,60,60,16,9,15,0,6,6,gym_no_knee_flexion;no_specific_rear_delt_movement;same_day_duplicate;same_day_identical_dose_duplicate;three_entries_same_exercise;three_hinge_entries
R003,representative,balanced,3,60,standard,43,43,43,15,9,9,0,6,6,gym_no_knee_flexion;no_specific_rear_delt_movement
R004,representative,balanced,4,60,standard,45,45,45,12,9,12,0,6,6,balanced4_hinge_before_squat_practice;gym_no_knee_flexion;hinge_before_knee_volume;no_specific_rear_delt_movement;same_day_duplicate;same_day_identical_dose_duplicate;three_entries_same_exercise;three_hinge_entries
R005,representative,growth,3,45,standard,42,42,42,14,9,9,0,6,3,gym_no_knee_flexion;no_specific_rear_delt_movement
R006,representative,growth,3,60,foundation,43,43,43,15,9,9,0,6,3,gym_no_knee_flexion;no_specific_rear_delt_movement
R007,representative,growth,4,45,standard,56,56,56,14,9,15,0,6,4,gym_no_knee_flexion;no_specific_rear_delt_movement;same_day_duplicate;same_day_identical_dose_duplicate;three_entries_same_exercise;three_hinge_entries
R008,representative,balanced,3,45,standard,38,38,38,14,9,7,0,5,5,gym_no_knee_flexion;no_specific_rear_delt_movement
R009,representative,growth,4,60,foundation,60,60,60,16,9,15,0,6,6,gym_no_knee_flexion;no_specific_rear_delt_movement;same_day_duplicate;same_day_identical_dose_duplicate;three_entries_same_exercise;three_hinge_entries
R010,representative,growth,2,60,standard,32,32,32,16,6,6,0,3,3,gym_no_knee_flexion;no_specific_rear_delt_movement
R011,representative,balanced,3,60,foundation,43,43,43,15,9,9,0,6,6,foundation_decline_bench;foundation_heavy_barbell_lunge;gym_no_knee_flexion;no_specific_rear_delt_movement
R012,representative,balanced,4,45,standard,45,45,45,12,9,12,0,6,6,balanced4_hinge_before_squat_practice;gym_no_knee_flexion;hinge_before_knee_volume;no_specific_rear_delt_movement;same_day_duplicate;same_day_identical_dose_duplicate;three_entries_same_exercise;three_hinge_entries
R013,representative,growth,3,75,standard,49,49,49,17,9,9,0,6,3,gym_no_knee_flexion;no_specific_rear_delt_movement
R014,representative,growth,3,90,standard,49,49,49,17,9,9,0,6,3,gym_no_knee_flexion;no_specific_rear_delt_movement
R015,representative,strength,3,60,standard,42,42,42,14,9,9,0,6,3,gym_no_knee_flexion;hinge_before_knee_volume;no_specific_rear_delt_movement
R016,representative,balanced,4,60,foundation,45,45,45,12,9,12,0,6,6,balanced4_hinge_before_squat_practice;foundation_decline_bench;foundation_heavy_barbell_lunge;gym_no_knee_flexion;hinge_before_knee_volume;no_specific_rear_delt_movement;same_day_duplicate;same_day_identical_dose_duplicate;three_entries_same_exercise;three_hinge_entries
R017,representative,growth,5,60,standard,74,74,74,16,12,18,0,6,9,gym_no_knee_flexion;no_specific_rear_delt_movement;same_day_duplicate;same_day_identical_dose_duplicate;three_entries_same_exercise;three_hinge_entries
R018,representative,growth,3,45,foundation,42,42,42,14,9,9,0,6,3,foundation_zero_rir_allowed;gym_no_knee_flexion;no_specific_rear_delt_movement
R019,representative,balanced,2,60,standard,29,29,29,15,6,6,0,3,6,gym_no_knee_flexion;hinge_before_knee_volume;no_specific_rear_delt_movement;same_day_duplicate
R020,representative,growth,4,75,standard,60,60,60,16,9,15,0,6,6,gym_no_knee_flexion;no_specific_rear_delt_movement;same_day_duplicate;same_day_identical_dose_duplicate;three_entries_same_exercise;three_hinge_entries
R021,representative,growth,4,90,standard,60,60,60,16,9,15,0,6,6,gym_no_knee_flexion;no_specific_rear_delt_movement;same_day_duplicate;same_day_identical_dose_duplicate;three_entries_same_exercise;three_hinge_entries
R022,representative,strength,4,60,standard,45,45,45,12,9,12,0,3,6,gym_no_knee_flexion;hinge_before_knee_volume;no_specific_rear_delt_movement;same_day_duplicate;same_day_identical_dose_duplicate
R023,representative,growth,4,45,foundation,56,56,56,14,9,15,0,6,4,foundation_zero_rir_allowed;gym_no_knee_flexion;no_specific_rear_delt_movement;same_day_duplicate;same_day_identical_dose_duplicate;three_entries_same_exercise;three_hinge_entries
R024,representative,balanced,3,75,standard,43,43,43,15,9,9,0,6,6,gym_no_knee_flexion;no_specific_rear_delt_movement
R025,representative,balanced,3,90,standard,43,43,43,15,9,9,0,6,6,gym_no_knee_flexion;no_specific_rear_delt_movement
R026,representative,growth,2,45,standard,28,28,28,14,6,6,0,3,3,gym_no_knee_flexion;no_specific_rear_delt_movement
R027,representative,home,3,60,standard,34,34,34,14,21,0,0,0,0,no_horizontal_pull;no_specific_rear_delt_movement;posterior_sissy_squat;same_day_duplicate;same_day_identical_dose_duplicate
R028,representative,balanced,5,60,standard,60,60,60,14,9,12,0,6,9,gym_no_knee_flexion;hinge_before_knee_volume;same_day_duplicate
R029,representative,balanced,3,45,foundation,38,38,38,14,9,7,0,5,5,foundation_decline_bench;foundation_heavy_barbell_lunge;foundation_zero_rir_allowed;gym_no_knee_flexion;no_specific_rear_delt_movement
R030,representative,growth,3,60,standard,49,49,49,17,9,9,0,6,3,gym_no_knee_flexion;muscle_priority_no_direct_label_increase;no_specific_rear_delt_movement
R031,representative,balanced,4,75,standard,45,45,45,12,9,12,0,6,6,balanced4_hinge_before_squat_practice;gym_no_knee_flexion;hinge_before_knee_volume;no_specific_rear_delt_movement;same_day_duplicate;same_day_identical_dose_duplicate;three_entries_same_exercise;three_hinge_entries
R032,representative,balanced,4,90,standard,45,45,45,12,9,12,0,6,6,balanced4_hinge_before_squat_practice;gym_no_knee_flexion;hinge_before_knee_volume;no_specific_rear_delt_movement;same_day_duplicate;same_day_identical_dose_duplicate;three_entries_same_exercise;three_hinge_entries
R033,representative,strength,3,45,standard,36,36,36,12,9,9,0,6,3,gym_no_knee_flexion;hinge_before_knee_volume;no_specific_rear_delt_movement
R034,representative,growth,2,60,foundation,28,28,28,14,6,6,0,3,3,gym_no_knee_flexion;no_specific_rear_delt_movement
R035,representative,growth,6,60,standard,46,46,46,8,10,10,0,4,4,gym_no_knee_flexion;no_specific_rear_delt_movement;same_day_duplicate;same_day_identical_dose_duplicate;three_entries_same_exercise;three_hinge_entries
R036,representative,home,4,60,standard,39,39,39,11,21,0,0,0,0,no_horizontal_pull;no_specific_rear_delt_movement;posterior_sissy_squat;same_day_duplicate;same_day_identical_dose_duplicate
R037,representative,balanced,4,45,foundation,45,45,45,12,9,12,0,6,6,balanced4_hinge_before_squat_practice;foundation_decline_bench;foundation_heavy_barbell_lunge;gym_no_knee_flexion;hinge_before_knee_volume;no_specific_rear_delt_movement;same_day_duplicate;same_day_identical_dose_duplicate;three_entries_same_exercise;three_hinge_entries
R038,representative,growth,4,60,standard,60,60,60,16,9,15,0,6,6,gym_no_knee_flexion;muscle_priority_no_direct_label_increase;no_specific_rear_delt_movement;same_day_duplicate;same_day_identical_dose_duplicate;three_entries_same_exercise;three_hinge_entries
R039,representative,growth,5,45,standard,70,70,70,14,12,18,0,5,8,gym_no_knee_flexion;no_specific_rear_delt_movement;same_day_duplicate;same_day_identical_dose_duplicate;three_entries_same_exercise;three_hinge_entries
R040,representative,strength,3,60,foundation,36,36,36,12,9,9,0,6,3,foundation_decline_bench;foundation_heavy_barbell_lunge;gym_no_knee_flexion;hinge_before_knee_volume;no_specific_rear_delt_movement
R041,representative,growth,3,75,foundation,43,43,43,15,9,9,0,6,3,gym_no_knee_flexion;no_specific_rear_delt_movement
R042,representative,growth,3,90,foundation,43,43,43,15,9,9,0,6,3,gym_no_knee_flexion;no_specific_rear_delt_movement
R043,representative,balanced,2,45,standard,24,24,24,12,5,6,0,3,4,gym_no_knee_flexion;hinge_before_knee_volume;no_specific_rear_delt_movement;same_day_duplicate
R044,representative,strength,4,45,standard,45,45,45,12,9,12,0,3,6,gym_no_knee_flexion;hinge_before_knee_volume;no_specific_rear_delt_movement;same_day_duplicate;same_day_identical_dose_duplicate
R045,representative,growth,3,60,standard,49,30,49,17,9,9,0,6,3,gym_no_knee_flexion;no_specific_rear_delt_movement
R046,representative,balanced,3,60,standard,42,42,42,14,9,9,0,6,3,gym_no_knee_flexion;muscle_priority_no_direct_label_increase;no_specific_rear_delt_movement
R047,representative,growth,5,60,foundation,72,72,72,16,12,18,0,6,9,gym_no_knee_flexion;no_specific_rear_delt_movement;same_day_duplicate;same_day_identical_dose_duplicate;three_entries_same_exercise;three_hinge_entries
R048,representative,growth,3,60,standard,49,49,49,17,9,9,0,6,3,gym_no_knee_flexion;no_specific_rear_delt_movement
R049,representative,balanced,2,60,foundation,27,27,27,15,6,6,0,3,6,foundation_decline_bench;foundation_heavy_barbell_lunge;gym_no_knee_flexion;hinge_before_knee_volume;no_specific_rear_delt_movement;same_day_duplicate
R050,representative,growth,4,75,foundation,60,60,60,16,9,15,0,6,6,gym_no_knee_flexion;no_specific_rear_delt_movement;same_day_duplicate;same_day_identical_dose_duplicate;three_entries_same_exercise;three_hinge_entries
R051,representative,growth,4,90,foundation,60,60,60,16,9,15,0,6,6,gym_no_knee_flexion;no_specific_rear_delt_movement;same_day_duplicate;same_day_identical_dose_duplicate;three_entries_same_exercise;three_hinge_entries
R052,representative,strength,4,60,foundation,45,45,45,12,9,12,0,3,6,foundation_decline_bench;foundation_heavy_barbell_lunge;gym_no_knee_flexion;hinge_before_knee_volume;no_specific_rear_delt_movement;same_day_duplicate;same_day_identical_dose_duplicate
R053,representative,balanced,6,60,standard,50,50,50,9,10,8,0,4,8,gym_no_knee_flexion;hinge_before_knee_volume;no_specific_rear_delt_movement;same_day_duplicate
R054,representative,growth,4,60,standard,60,42,60,16,9,15,0,6,6,gym_no_knee_flexion;no_specific_rear_delt_movement;same_day_duplicate;same_day_identical_dose_duplicate;three_entries_same_exercise;three_hinge_entries
R055,representative,home,3,45,standard,34,34,34,14,21,0,0,0,0,no_horizontal_pull;no_specific_rear_delt_movement;posterior_sissy_squat;same_day_duplicate;same_day_identical_dose_duplicate
R056,representative,balanced,4,60,standard,45,45,45,12,9,12,0,6,6,balanced4_hinge_before_squat_practice;gym_no_knee_flexion;hinge_before_knee_volume;muscle_priority_no_direct_label_increase;no_specific_rear_delt_movement;same_day_duplicate;same_day_identical_dose_duplicate;three_entries_same_exercise;three_hinge_entries
R057,representative,balanced,5,45,standard,60,60,60,14,9,12,0,6,9,gym_no_knee_flexion;hinge_before_knee_volume;same_day_duplicate
R058,representative,growth,2,75,standard,32,32,32,16,6,6,0,3,3,gym_no_knee_flexion;no_specific_rear_delt_movement
R059,representative,growth,2,90,standard,32,32,32,16,6,6,0,3,3,gym_no_knee_flexion;no_specific_rear_delt_movement
R060,representative,strength,2,60,standard,28,28,28,14,6,6,0,0,6,gym_no_knee_flexion;hinge_before_knee_volume;no_horizontal_pull;no_specific_rear_delt_movement
R061,representative,growth,3,45,standard,42,42,42,14,9,9,0,6,3,gym_no_knee_flexion;muscle_priority_no_direct_label_increase;muscle_priority_no_prescription_change;no_specific_rear_delt_movement
R062,representative,balanced,3,75,foundation,43,43,43,15,9,9,0,6,6,foundation_decline_bench;foundation_heavy_barbell_lunge;gym_no_knee_flexion;no_specific_rear_delt_movement
R063,representative,balanced,3,90,foundation,43,43,43,15,9,9,0,6,6,foundation_decline_bench;foundation_heavy_barbell_lunge;gym_no_knee_flexion;no_specific_rear_delt_movement
R064,representative,growth,4,60,standard,60,60,60,16,9,15,0,6,6,gym_no_knee_flexion;no_specific_rear_delt_movement;same_day_duplicate;same_day_identical_dose_duplicate;three_entries_same_exercise;three_hinge_entries
R065,representative,balanced,3,60,standard,43,33,43,15,9,9,0,6,6,gym_no_knee_flexion;no_specific_rear_delt_movement
R066,representative,growth,2,45,foundation,28,28,28,14,6,6,0,3,3,gym_no_knee_flexion;no_specific_rear_delt_movement
R067,representative,growth,6,45,standard,46,46,46,8,10,10,0,4,4,gym_no_knee_flexion;no_specific_rear_delt_movement;same_day_duplicate;same_day_identical_dose_duplicate;three_entries_same_exercise;three_hinge_entries
R068,representative,home,3,60,foundation,34,34,34,14,21,0,0,0,0,no_horizontal_pull;no_specific_rear_delt_movement;posterior_split_squat;same_day_duplicate;same_day_identical_dose_duplicate;three_entries_same_exercise
R069,representative,home,4,45,standard,39,39,39,11,21,0,0,0,0,no_horizontal_pull;no_specific_rear_delt_movement;posterior_sissy_squat;same_day_duplicate;same_day_identical_dose_duplicate
R070,representative,strength,3,75,standard,42,42,42,14,9,9,0,6,3,gym_no_knee_flexion;hinge_before_knee_volume;no_specific_rear_delt_movement
R071,representative,strength,3,90,standard,42,42,42,14,9,9,0,6,3,gym_no_knee_flexion;hinge_before_knee_volume;no_specific_rear_delt_movement
R072,representative,balanced,5,60,foundation,60,60,60,14,9,12,0,6,9,foundation_decline_bench;foundation_heavy_barbell_lunge;gym_no_knee_flexion;hinge_before_knee_volume;same_day_duplicate
R073,representative,growth,3,60,foundation,43,43,43,15,9,9,0,6,3,gym_no_knee_flexion;muscle_priority_no_direct_label_increase;muscle_priority_no_prescription_change;no_specific_rear_delt_movement
R074,representative,growth,4,45,standard,56,56,56,14,9,15,0,6,4,gym_no_knee_flexion;muscle_priority_no_direct_label_increase;no_specific_rear_delt_movement;same_day_duplicate;same_day_identical_dose_duplicate;three_entries_same_exercise;three_hinge_entries
R075,representative,growth,3,60,standard,49,30,41,17,9,9,0,6,3,gym_no_knee_flexion;no_specific_rear_delt_movement;returning_lifter;returning_protected_dose_unchanged
R076,representative,balanced,4,75,foundation,45,45,45,12,9,12,0,6,6,balanced4_hinge_before_squat_practice;foundation_decline_bench;foundation_heavy_barbell_lunge;gym_no_knee_flexion;hinge_before_knee_volume;no_specific_rear_delt_movement;same_day_duplicate;same_day_identical_dose_duplicate;three_entries_same_exercise;three_hinge_entries
R077,representative,balanced,4,90,foundation,45,45,45,12,9,12,0,6,6,balanced4_hinge_before_squat_practice;foundation_decline_bench;foundation_heavy_barbell_lunge;gym_no_knee_flexion;hinge_before_knee_volume;no_specific_rear_delt_movement;same_day_duplicate;same_day_identical_dose_duplicate;three_entries_same_exercise;three_hinge_entries
R078,representative,balanced,4,60,standard,45,35,45,12,9,12,0,6,6,balanced4_hinge_before_squat_practice;gym_no_knee_flexion;hinge_before_knee_volume;no_specific_rear_delt_movement;same_day_duplicate;same_day_identical_dose_duplicate;three_entries_same_exercise;three_hinge_entries
R079,representative,growth,5,75,standard,74,74,74,16,12,18,0,6,9,gym_no_knee_flexion;no_specific_rear_delt_movement;same_day_duplicate;same_day_identical_dose_duplicate;three_entries_same_exercise;three_hinge_entries
R080,representative,growth,5,90,standard,74,74,74,16,12,18,0,6,9,gym_no_knee_flexion;no_specific_rear_delt_movement;same_day_duplicate;same_day_identical_dose_duplicate;three_entries_same_exercise;three_hinge_entries
R081,representative,strength,5,60,standard,61,61,61,16,12,15,0,6,6,gym_no_knee_flexion;hinge_before_knee_volume;no_specific_rear_delt_movement;same_day_duplicate;same_day_identical_dose_duplicate
R082,representative,strength,3,45,foundation,36,36,36,12,9,9,0,6,3,foundation_decline_bench;foundation_heavy_barbell_lunge;gym_no_knee_flexion;hinge_before_knee_volume;no_specific_rear_delt_movement
R083,representative,growth,3,30,standard,21,21,21,7,5,4,0,2,2,30minute_many_one_set_compounds;gym_no_knee_flexion;no_specific_rear_delt_movement
R084,representative,growth,3,45,standard,42,29,42,14,9,9,0,6,3,gym_no_knee_flexion;no_specific_rear_delt_movement
R085,representative,growth,6,60,foundation,46,46,46,8,10,10,0,4,4,gym_no_knee_flexion;no_specific_rear_delt_movement;same_day_duplicate;same_day_identical_dose_duplicate;three_entries_same_exercise;three_hinge_entries
R086,representative,home,4,60,foundation,39,39,39,11,21,0,0,0,0,no_horizontal_pull;no_specific_rear_delt_movement;posterior_split_squat;same_day_duplicate;same_day_identical_dose_duplicate
R087,representative,balanced,2,75,standard,29,29,29,15,6,6,0,3,6,gym_no_knee_flexion;hinge_before_knee_volume;no_specific_rear_delt_movement;same_day_duplicate
R088,representative,balanced,2,90,standard,29,29,29,15,6,6,0,3,6,gym_no_knee_flexion;hinge_before_knee_volume;no_specific_rear_delt_movement;same_day_duplicate
R089,representative,strength,4,75,standard,45,45,45,12,9,12,0,3,6,gym_no_knee_flexion;hinge_before_knee_volume;no_specific_rear_delt_movement;same_day_duplicate;same_day_identical_dose_duplicate
R090,representative,strength,4,90,standard,45,45,45,12,9,12,0,3,6,gym_no_knee_flexion;hinge_before_knee_volume;no_specific_rear_delt_movement;same_day_duplicate;same_day_identical_dose_duplicate
R091,representative,balanced,3,45,standard,38,38,38,14,9,7,0,5,3,gym_no_knee_flexion;muscle_priority_no_direct_label_increase;no_specific_rear_delt_movement
R092,representative,growth,4,60,foundation,60,60,60,16,9,15,0,6,6,gym_no_knee_flexion;muscle_priority_no_direct_label_increase;no_specific_rear_delt_movement;same_day_duplicate;same_day_identical_dose_duplicate;three_entries_same_exercise;three_hinge_entries
R093,representative,growth,5,45,foundation,68,68,68,14,12,18,0,5,8,foundation_zero_rir_allowed;gym_no_knee_flexion;no_specific_rear_delt_movement;same_day_duplicate;same_day_identical_dose_duplicate;three_entries_same_exercise;three_hinge_entries
R094,representative,growth,4,60,standard,60,42,51,16,9,15,0,6,6,gym_no_knee_flexion;no_specific_rear_delt_movement;returning_lifter;returning_protected_dose_unchanged;same_day_duplicate;same_day_identical_dose_duplicate;three_entries_same_exercise;three_hinge_entries
R095,representative,home,2,60,standard,27,27,27,14,15,0,0,0,0,no_horizontal_pull;no_specific_rear_delt_movement;posterior_sissy_squat;same_day_duplicate;same_day_identical_dose_duplicate
R096,representative,growth,3,45,standard,42,42,42,14,9,9,0,6,3,gym_no_knee_flexion;no_specific_rear_delt_movement
R097,representative,home,3,60,standard,42,42,42,14,12,9,0,6,0,no_specific_rear_delt_movement
R098,representative,balanced,2,45,foundation,24,24,24,12,5,6,0,3,4,foundation_decline_bench;foundation_heavy_barbell_lunge;foundation_zero_rir_allowed;gym_no_knee_flexion;hinge_before_knee_volume;no_specific_rear_delt_movement;same_day_duplicate
R099,representative,strength,4,45,foundation,45,45,45,12,9,12,0,3,6,foundation_decline_bench;foundation_heavy_barbell_lunge;gym_no_knee_flexion;hinge_before_knee_volume;no_specific_rear_delt_movement;same_day_duplicate;same_day_identical_dose_duplicate
R100,representative,growth,3,60,foundation,43,30,43,15,9,9,0,6,3,gym_no_knee_flexion;no_specific_rear_delt_movement
S001,stress,growth,2,30,standard,12,12,12,6,3,3,0,1,1,30minute_many_one_set_compounds;gym_no_knee_flexion;no_specific_rear_delt_movement
S002,stress,growth,2,30,foundation,12,12,12,6,3,3,0,1,1,30minute_many_one_set_compounds;foundation_zero_rir_allowed;gym_no_knee_flexion;no_specific_rear_delt_movement
S003,stress,growth,2,90,standard,32,32,32,16,6,6,0,3,3,gym_no_knee_flexion;no_specific_rear_delt_movement
S004,stress,growth,2,90,standard,32,32,32,16,6,6,0,3,3,gym_no_knee_flexion;no_specific_rear_delt_movement
S005,stress,growth,2,90,standard,32,20,26,16,6,6,0,5,3,gym_no_knee_flexion;incline_job_flat_press;muscle_priority_no_direct_label_increase;returning_lifter;returning_protected_dose_unchanged;same_day_duplicate;same_day_identical_dose_duplicate
S006,stress,growth,3,30,standard,18,18,18,6,5,4,0,2,1,30minute_many_one_set_compounds;gym_no_knee_flexion;no_specific_rear_delt_movement
S007,stress,growth,3,30,foundation,18,18,18,6,5,4,0,2,1,30minute_many_one_set_compounds;foundation_zero_rir_allowed;gym_no_knee_flexion;no_specific_rear_delt_movement
S008,stress,growth,3,90,standard,49,49,49,17,9,9,0,6,3,gym_no_knee_flexion;no_specific_rear_delt_movement
S009,stress,growth,3,90,standard,48,48,48,16,9,9,0,6,3,gym_no_knee_flexion;no_specific_rear_delt_movement;unilateral_job_bilateral
S010,stress,growth,3,90,standard,47,30,40,16,9,9,0,8,3,gym_no_knee_flexion;incline_job_flat_press;muscle_priority_no_direct_label_increase;returning_lifter;returning_protected_dose_unchanged;same_day_duplicate;same_day_identical_dose_duplicate
S011,stress,growth,4,45,standard,42,42,42,11,6,10,0,4,4,gym_no_knee_flexion;no_specific_rear_delt_movement;same_day_duplicate;same_day_identical_dose_duplicate;three_entries_same_exercise;three_hinge_entries
S012,stress,growth,4,45,foundation,42,42,42,11,6,10,0,4,4,foundation_zero_rir_allowed;gym_no_knee_flexion;no_specific_rear_delt_movement;same_day_duplicate;same_day_identical_dose_duplicate;three_entries_same_exercise;three_hinge_entries
S013,stress,growth,4,90,standard,60,60,60,16,9,15,0,6,6,gym_no_knee_flexion;no_specific_rear_delt_movement;same_day_duplicate;same_day_identical_dose_duplicate;three_entries_same_exercise;three_hinge_entries
S014,stress,growth,4,90,standard,55,55,55,14,9,15,0,6,6,gym_no_knee_flexion;no_specific_rear_delt_movement;same_day_duplicate;same_day_identical_dose_duplicate;three_entries_same_exercise;three_hinge_entries;unilateral_job_bilateral
S015,stress,growth,4,90,standard,58,41,50,16,9,15,0,8,6,gym_no_knee_flexion;incline_job_flat_press;muscle_priority_no_direct_label_increase;returning_lifter;returning_protected_dose_unchanged;same_day_duplicate;same_day_identical_dose_duplicate;three_entries_same_exercise;three_hinge_entries
S016,stress,growth,5,45,standard,52,52,52,11,8,12,0,4,7,gym_no_knee_flexion;no_specific_rear_delt_movement;same_day_duplicate;same_day_identical_dose_duplicate;three_entries_same_exercise;three_hinge_entries
S017,stress,growth,5,45,foundation,52,52,52,11,8,12,0,4,7,foundation_zero_rir_allowed;gym_no_knee_flexion;no_specific_rear_delt_movement;same_day_duplicate;same_day_identical_dose_duplicate;three_entries_same_exercise;three_hinge_entries
S018,stress,growth,5,90,standard,74,74,74,16,12,18,0,6,9,gym_no_knee_flexion;no_specific_rear_delt_movement;same_day_duplicate;same_day_identical_dose_duplicate;three_entries_same_exercise;three_hinge_entries
S019,stress,growth,5,90,standard,67,67,67,14,12,18,0,8,6,gym_no_knee_flexion;no_specific_rear_delt_movement;same_day_duplicate;same_day_identical_dose_duplicate;three_entries_same_exercise;three_hinge_entries;unilateral_job_bilateral
S020,stress,growth,5,90,standard,74,49,60,16,12,18,0,11,6,gym_no_knee_flexion;incline_job_flat_press;returning_lifter;returning_protected_dose_unchanged;same_day_duplicate;same_day_identical_dose_duplicate;three_entries_same_exercise;three_hinge_entries
S021,stress,growth,6,30,standard,36,36,36,6,8,8,0,3,4,30minute_many_one_set_compounds;gym_no_knee_flexion;no_specific_rear_delt_movement;same_day_duplicate;same_day_identical_dose_duplicate;three_entries_same_exercise;three_hinge_entries
S022,stress,growth,6,30,foundation,36,36,36,6,8,8,0,3,4,30minute_many_one_set_compounds;gym_no_knee_flexion;no_specific_rear_delt_movement;same_day_duplicate;same_day_identical_dose_duplicate;three_entries_same_exercise;three_hinge_entries
S023,stress,growth,6,90,standard,46,46,46,8,10,10,0,4,4,gym_no_knee_flexion;no_specific_rear_delt_movement;same_day_duplicate;same_day_identical_dose_duplicate;three_entries_same_exercise;three_hinge_entries
S024,stress,growth,6,90,standard,44,44,44,8,10,10,0,6,2,gym_no_knee_flexion;no_specific_rear_delt_movement;same_day_duplicate;same_day_identical_dose_duplicate;three_entries_same_exercise;three_hinge_entries;unilateral_job_bilateral
S025,stress,growth,6,90,standard,48,25,34,8,10,10,0,8,2,gym_no_knee_flexion;returning_lifter;returning_protected_dose_unchanged;returning_protected_zero_rir_allowed;same_day_duplicate;same_day_identical_dose_duplicate;three_entries_same_exercise;three_hinge_entries
S026,stress,balanced,2,45,standard,18,18,18,9,5,4,0,2,2,gym_no_knee_flexion;hinge_before_knee_volume;no_specific_rear_delt_movement;same_day_duplicate
S027,stress,balanced,2,45,foundation,18,18,18,9,5,4,0,2,2,foundation_decline_bench;foundation_heavy_barbell_lunge;foundation_zero_rir_allowed;gym_no_knee_flexion;hinge_before_knee_volume;no_specific_rear_delt_movement;same_day_duplicate
S028,stress,balanced,2,90,standard,29,29,29,15,6,6,0,3,6,gym_no_knee_flexion;hinge_before_knee_volume;no_specific_rear_delt_movement;same_day_duplicate
S029,stress,balanced,2,90,standard,28,28,28,14,6,6,0,5,3,gym_no_knee_flexion;hinge_before_knee_volume;no_specific_rear_delt_movement
S030,stress,balanced,2,90,standard,29,22,26,15,6,6,0,6,3,gym_no_knee_flexion;hinge_before_knee_volume;muscle_priority_no_direct_label_increase;no_specific_rear_delt_movement;returning_lifter;returning_protected_dose_unchanged
S031,stress,balanced,3,45,standard,29,29,29,10,7,5,0,3,4,gym_no_knee_flexion;no_specific_rear_delt_movement
S032,stress,balanced,3,45,foundation,29,29,29,10,7,5,0,3,4,foundation_decline_bench;foundation_heavy_barbell_lunge;foundation_zero_rir_allowed;gym_no_knee_flexion;no_specific_rear_delt_movement
S033,stress,balanced,3,90,standard,43,43,43,15,9,9,0,6,6,gym_no_knee_flexion;no_specific_rear_delt_movement
S034,stress,balanced,3,90,standard,40,40,40,14,9,9,0,8,3,gym_no_knee_flexion;no_specific_rear_delt_movement;same_day_duplicate;unilateral_job_bilateral
S035,stress,balanced,3,90,standard,43,33,39,15,9,9,0,9,3,gym_no_knee_flexion;muscle_priority_no_direct_label_increase;no_specific_rear_delt_movement;returning_lifter;returning_protected_dose_unchanged;same_day_duplicate
S036,stress,balanced,4,45,standard,41,41,41,11,8,10,0,5,6,balanced4_hinge_before_squat_practice;gym_no_knee_flexion;hinge_before_knee_volume;no_specific_rear_delt_movement;same_day_duplicate;same_day_identical_dose_duplicate;three_entries_same_exercise;three_hinge_entries
S037,stress,balanced,4,45,foundation,41,41,41,11,8,10,0,5,6,balanced4_hinge_before_squat_practice;foundation_decline_bench;foundation_heavy_barbell_lunge;foundation_zero_rir_allowed;gym_no_knee_flexion;hinge_before_knee_volume;no_specific_rear_delt_movement;same_day_duplicate;same_day_identical_dose_duplicate;three_entries_same_exercise;three_hinge_entries
S038,stress,balanced,4,90,standard,45,45,45,12,9,12,0,6,6,balanced4_hinge_before_squat_practice;gym_no_knee_flexion;hinge_before_knee_volume;no_specific_rear_delt_movement;same_day_duplicate;same_day_identical_dose_duplicate;three_entries_same_exercise;three_hinge_entries
S039,stress,balanced,4,90,standard,43,43,43,12,9,12,0,6,6,balanced4_hinge_before_squat_practice;gym_no_knee_flexion;hinge_before_knee_volume;no_specific_rear_delt_movement;same_day_duplicate;same_day_identical_dose_duplicate;three_entries_same_exercise;three_hinge_entries;unilateral_job_bilateral
S040,stress,balanced,4,90,standard,43,34,40,12,9,12,0,8,6,balanced4_hinge_before_squat_practice;gym_no_knee_flexion;hinge_before_knee_volume;muscle_priority_no_direct_label_increase;returning_lifter;returning_protected_dose_unchanged;same_day_duplicate;same_day_identical_dose_duplicate;three_entries_same_exercise;three_hinge_entries
S041,stress,balanced,5,45,standard,52,52,52,11,8,12,0,4,7,gym_no_knee_flexion;hinge_before_knee_volume;same_day_duplicate
S042,stress,balanced,5,45,foundation,52,52,52,11,8,12,0,4,7,foundation_decline_bench;foundation_heavy_barbell_lunge;foundation_zero_rir_allowed;gym_no_knee_flexion;hinge_before_knee_volume;same_day_duplicate
S043,stress,balanced,5,90,standard,60,60,60,14,9,12,0,6,9,gym_no_knee_flexion;hinge_before_knee_volume;same_day_duplicate
S044,stress,balanced,5,90,standard,55,55,55,12,9,12,0,9,6,gym_no_knee_flexion;hinge_before_knee_volume;same_day_duplicate;unilateral_job_bilateral
S045,stress,balanced,5,90,standard,58,43,51,14,9,12,0,11,6,gym_no_knee_flexion;hinge_before_knee_volume;muscle_priority_no_direct_label_increase;returning_lifter;returning_protected_dose_unchanged;same_day_duplicate
S046,stress,balanced,6,30,standard,36,36,36,6,8,6,0,2,6,30minute_many_one_set_compounds;gym_no_knee_flexion;hinge_before_knee_volume;no_specific_rear_delt_movement;same_day_duplicate
S047,stress,balanced,6,30,foundation,36,36,36,6,8,6,0,2,6,30minute_many_one_set_compounds;foundation_decline_bench;foundation_heavy_barbell_lunge;gym_no_knee_flexion;hinge_before_knee_volume;no_specific_rear_delt_movement;same_day_duplicate
S048,stress,balanced,6,90,standard,50,50,50,9,10,8,0,4,8,gym_no_knee_flexion;hinge_before_knee_volume;no_specific_rear_delt_movement;same_day_duplicate
S049,stress,balanced,6,90,standard,46,46,46,9,10,8,0,8,4,gym_no_knee_flexion;hinge_before_knee_volume;no_specific_rear_delt_movement;same_day_duplicate;unilateral_job_bilateral
S050,stress,balanced,6,90,standard,50,31,38,9,10,8,0,8,4,gym_no_knee_flexion;hinge_before_knee_volume;no_specific_rear_delt_movement;returning_lifter;returning_protected_dose_unchanged;returning_protected_zero_rir_allowed;same_day_duplicate
S051,stress,strength,2,60,standard,26,26,26,14,6,6,0,0,6,gym_no_knee_flexion;hinge_before_knee_volume;no_horizontal_pull;no_specific_rear_delt_movement
S052,stress,strength,2,60,foundation,24,24,24,12,6,6,0,0,6,foundation_decline_bench;foundation_heavy_barbell_lunge;gym_no_knee_flexion;hinge_before_knee_volume;no_horizontal_pull;no_specific_rear_delt_movement
S053,stress,strength,2,90,standard,28,28,28,14,6,6,0,0,6,gym_no_knee_flexion;hinge_before_knee_volume;no_horizontal_pull;no_specific_rear_delt_movement
S054,stress,strength,2,90,standard,28,28,28,14,6,6,0,6,0,gym_no_knee_flexion;hinge_before_knee_volume;no_specific_rear_delt_movement
S055,stress,strength,2,90,standard,28,21,26,14,6,6,0,6,0,gym_no_knee_flexion;hinge_before_knee_volume;muscle_priority_no_direct_label_increase;no_specific_rear_delt_movement;returning_lifter;returning_protected_dose_unchanged
S056,stress,strength,3,45,standard,27,27,27,9,7,7,0,4,2,gym_no_knee_flexion;hinge_before_knee_volume;no_specific_rear_delt_movement
S057,stress,strength,3,45,foundation,27,27,27,9,7,7,0,4,2,foundation_decline_bench;foundation_heavy_barbell_lunge;foundation_zero_rir_allowed;gym_no_knee_flexion;hinge_before_knee_volume;no_specific_rear_delt_movement
S058,stress,strength,3,90,standard,42,42,42,14,9,9,0,6,3,gym_no_knee_flexion;hinge_before_knee_volume;no_specific_rear_delt_movement
S059,stress,strength,3,90,standard,42,42,42,14,9,9,0,6,3,gym_no_knee_flexion;hinge_before_knee_volume;no_specific_rear_delt_movement;unilateral_job_bilateral
S060,stress,strength,3,90,standard,42,30,38,14,9,9,0,6,3,gym_no_knee_flexion;hinge_before_knee_volume;muscle_priority_no_direct_label_increase;no_specific_rear_delt_movement;returning_lifter;returning_protected_dose_unchanged
S061,stress,strength,4,45,standard,40,40,40,11,8,9,0,2,6,gym_no_knee_flexion;hinge_before_knee_volume;no_specific_rear_delt_movement;same_day_duplicate;same_day_identical_dose_duplicate
S062,stress,strength,4,45,foundation,40,40,40,11,8,9,0,2,6,foundation_decline_bench;foundation_heavy_barbell_lunge;foundation_zero_rir_allowed;gym_no_knee_flexion;hinge_before_knee_volume;no_specific_rear_delt_movement;same_day_duplicate;same_day_identical_dose_duplicate
S063,stress,strength,4,90,standard,45,45,45,12,9,12,0,3,6,gym_no_knee_flexion;hinge_before_knee_volume;no_specific_rear_delt_movement;same_day_duplicate;same_day_identical_dose_duplicate
S064,stress,strength,4,90,standard,41,41,41,12,9,12,0,6,3,gym_no_knee_flexion;hinge_before_knee_volume;no_specific_rear_delt_movement;same_day_duplicate;same_day_identical_dose_duplicate;unilateral_job_bilateral
S065,stress,strength,4,90,standard,43,33,39,12,9,12,0,6,3,gym_no_knee_flexion;hinge_before_knee_volume;muscle_priority_no_direct_label_increase;no_specific_rear_delt_movement;returning_lifter;returning_protected_dose_unchanged;same_day_duplicate;same_day_identical_dose_duplicate
S066,stress,strength,5,45,standard,50,50,50,11,10,11,0,5,5,gym_no_knee_flexion;hinge_before_knee_volume;no_specific_rear_delt_movement;same_day_duplicate;same_day_identical_dose_duplicate
S067,stress,strength,5,45,foundation,50,50,50,11,10,11,0,5,5,foundation_decline_bench;foundation_heavy_barbell_lunge;foundation_zero_rir_allowed;gym_no_knee_flexion;hinge_before_knee_volume;no_specific_rear_delt_movement;same_day_duplicate;same_day_identical_dose_duplicate
S068,stress,strength,5,90,standard,61,61,61,16,12,15,0,6,6,gym_no_knee_flexion;hinge_before_knee_volume;no_specific_rear_delt_movement;same_day_duplicate;same_day_identical_dose_duplicate
S069,stress,strength,5,90,standard,55,55,55,14,12,15,0,8,3,gym_no_knee_flexion;hinge_before_knee_volume;no_specific_rear_delt_movement;same_day_duplicate;same_day_identical_dose_duplicate;unilateral_job_bilateral
S070,stress,strength,5,90,standard,59,42,51,16,12,15,0,9,3,gym_no_knee_flexion;hinge_before_knee_volume;muscle_priority_no_direct_label_increase;no_specific_rear_delt_movement;returning_lifter;returning_protected_dose_unchanged;same_day_duplicate;same_day_identical_dose_duplicate
S071,stress,strength,6,30,standard,36,36,36,6,10,7,0,2,2,30minute_many_one_set_compounds;gym_no_knee_flexion;no_specific_rear_delt_movement
S072,stress,strength,6,30,foundation,36,36,36,6,10,7,0,2,2,30minute_many_one_set_compounds;foundation_decline_bench;foundation_heavy_barbell_lunge;gym_no_knee_flexion;no_specific_rear_delt_movement;same_day_duplicate
S073,stress,strength,6,90,standard,53,53,53,10,13,9,0,4,4,gym_no_knee_flexion;no_specific_rear_delt_movement
S074,stress,strength,6,90,standard,49,49,49,10,13,9,0,6,2,gym_no_knee_flexion;no_specific_rear_delt_movement;same_day_duplicate;unilateral_job_bilateral
S075,stress,strength,6,90,standard,51,32,40,10,13,9,0,6,2,gym_no_knee_flexion;muscle_priority_no_direct_label_increase;no_specific_rear_delt_movement;returning_lifter;returning_protected_dose_unchanged;returning_protected_zero_rir_allowed;same_day_duplicate;same_day_identical_dose_duplicate
S076,stress,home,2,45,standard,24,24,24,12,12,0,0,0,0,no_horizontal_pull;no_specific_rear_delt_movement;posterior_sissy_squat;same_day_duplicate
S077,stress,home,2,45,foundation,24,24,24,12,12,0,0,0,0,foundation_zero_rir_allowed;no_horizontal_pull;no_specific_rear_delt_movement;posterior_split_squat;same_day_duplicate;same_day_identical_dose_duplicate;three_entries_same_exercise
S078,stress,home,2,90,standard,33,33,33,17,9,6,0,0,6,no_horizontal_pull;no_specific_rear_delt_movement;unassisted_chinup
S079,stress,home,2,90,standard,33,33,33,17,9,0,6,6,0,bands_present_unused;glute_ham_raise;no_specific_rear_delt_movement;same_day_duplicate;same_day_identical_dose_duplicate
S080,stress,home,2,90,standard,33,28,30,17,9,0,6,6,0,bands_present_unused;glute_ham_raise;muscle_priority_no_direct_label_increase;muscle_priority_no_prescription_change;no_specific_rear_delt_movement;returning_lifter;returning_protected_dose_unchanged;unassisted_chest_dip
S081,stress,home,3,45,standard,32,32,32,12,19,0,0,0,0,no_horizontal_pull;no_specific_rear_delt_movement;posterior_sissy_squat;same_day_duplicate;same_day_identical_dose_duplicate
S082,stress,home,3,45,foundation,32,32,32,12,19,0,0,0,0,foundation_zero_rir_allowed;no_horizontal_pull;no_specific_rear_delt_movement;posterior_split_squat;same_day_duplicate;same_day_identical_dose_duplicate;three_entries_same_exercise
S083,stress,home,3,90,standard,40,40,40,14,21,0,0,0,6,bands_present_unused;no_horizontal_pull;no_specific_rear_delt_movement;posterior_sissy_squat;same_day_duplicate;same_day_identical_dose_duplicate;unassisted_chinup
S084,stress,home,3,90,standard,42,42,42,14,12,0,9,6,0,bands_present_unused;glute_ham_raise;no_specific_rear_delt_movement;same_day_duplicate;same_day_identical_dose_duplicate
S085,stress,home,3,90,standard,42,37,39,14,12,0,9,6,0,bands_present_unused;glute_ham_raise;muscle_priority_no_direct_label_increase;muscle_priority_no_prescription_change;no_specific_rear_delt_movement;returning_lifter;returning_protected_dose_unchanged;unassisted_chest_dip
S086,stress,home,4,30,standard,28,28,28,7,15,0,0,0,0,no_horizontal_pull;no_specific_rear_delt_movement;posterior_sissy_squat;same_day_duplicate
S087,stress,home,4,30,foundation,28,28,28,7,15,0,0,0,0,foundation_zero_rir_allowed;no_horizontal_pull;no_specific_rear_delt_movement;posterior_split_squat;same_day_duplicate;same_day_identical_dose_duplicate
S088,stress,home,4,90,standard,45,45,45,12,12,9,0,0,12,no_horizontal_pull;no_specific_rear_delt_movement;same_day_duplicate;same_day_identical_dose_duplicate;three_entries_same_exercise;unassisted_chinup
S089,stress,home,4,90,standard,45,45,45,12,12,0,9,12,0,bands_present_unused;glute_ham_raise;no_specific_rear_delt_movement;same_day_duplicate;same_day_identical_dose_duplicate;three_entries_same_exercise
S090,stress,home,4,90,standard,45,37,42,12,12,0,9,6,0,bands_present_unused;glute_ham_raise;muscle_priority_no_direct_label_increase;muscle_priority_no_prescription_change;no_specific_rear_delt_movement;returning_lifter;returning_protected_dose_unchanged;same_day_duplicate;same_day_identical_dose_duplicate;unassisted_chest_dip
S091,stress,home,5,30,standard,28,28,28,7,12,0,0,0,0,no_horizontal_pull;no_specific_rear_delt_movement;posterior_sissy_squat;same_day_duplicate;same_day_identical_dose_duplicate;single_exercise_multiple_job_day;three_entries_same_exercise
S092,stress,home,5,30,foundation,28,28,28,7,12,0,0,0,0,foundation_zero_rir_allowed;no_horizontal_pull;no_specific_rear_delt_movement;posterior_split_squat;same_day_duplicate;same_day_identical_dose_duplicate;single_exercise_multiple_job_day;three_entries_same_exercise
S093,stress,home,5,90,standard,37,37,37,9,12,0,0,0,15,bands_present_unused;no_horizontal_pull;no_specific_rear_delt_movement;posterior_sissy_squat;same_day_duplicate;same_day_identical_dose_duplicate;single_exercise_multiple_job_day;three_entries_same_exercise;unassisted_chinup
S094,stress,home,5,90,standard,37,37,37,9,6,0,6,15,0,bands_present_unused;glute_ham_raise;no_specific_rear_delt_movement;same_day_duplicate;same_day_identical_dose_duplicate;single_exercise_multiple_job_day;three_entries_same_exercise
S095,stress,home,5,90,standard,37,31,35,9,6,0,6,6,0,bands_present_unused;glute_ham_raise;muscle_priority_no_direct_label_increase;muscle_priority_no_prescription_change;no_specific_rear_delt_movement;returning_lifter;returning_protected_dose_unchanged;same_day_duplicate;same_day_identical_dose_duplicate;single_exercise_multiple_job_day;three_entries_same_exercise;unassisted_chest_dip
S096,stress,home,6,30,standard,32,32,32,6,10,0,0,0,0,no_horizontal_pull;no_specific_rear_delt_movement;posterior_sissy_squat;same_day_duplicate;same_day_identical_dose_duplicate;single_exercise_multiple_job_day;three_entries_same_exercise
S097,stress,home,6,30,foundation,32,32,32,6,10,0,0,0,0,no_horizontal_pull;no_specific_rear_delt_movement;posterior_split_squat;same_day_duplicate;same_day_identical_dose_duplicate;single_exercise_multiple_job_day;three_entries_same_exercise
S098,stress,home,6,90,standard,36,36,36,6,4,6,0,0,16,no_horizontal_pull;no_specific_rear_delt_movement;same_day_duplicate;same_day_identical_dose_duplicate;single_exercise_multiple_job_day;three_entries_same_exercise;unassisted_chinup
S099,stress,home,6,90,standard,36,36,36,6,4,0,6,16,0,bands_present_unused;glute_ham_raise;no_specific_rear_delt_movement;same_day_duplicate;same_day_identical_dose_duplicate;single_exercise_multiple_job_day;three_entries_same_exercise
S100,stress,home,6,90,standard,36,26,33,6,4,0,6,4,0,bands_present_unused;glute_ham_raise;muscle_priority_no_direct_label_increase;muscle_priority_no_prescription_change;no_specific_rear_delt_movement;returning_lifter;returning_protected_dose_unchanged;returning_protected_zero_rir_allowed;same_day_duplicate;same_day_identical_dose_duplicate;single_exercise_multiple_job_day;three_entries_same_exercise;unassisted_chest_dip
