"id","cohort","track","family","frequency","profile","minutes","verdict","contract_findings","advisories","resolved_weekly_sets","exported_weekly_sets","max_export_minutes","compile_median_ms","failed_dimensions","advisory_codes"
"R001","representative","full_gym","growth","3","standard","60","pass","0","0","49","49","52.083333333333336","4.168552000000005","",""
"R002","representative","full_gym","growth","4","standard","60","review","0","1","60","60","48.166666666666664","2.5324959999999805","","duplicate_exercise_within_day"
"R003","representative","full_gym","balanced","3","standard","60","pass","0","0","43","43","51.333333333333336","2.0537450000000206","",""
"R004","representative","full_gym","balanced","4","standard","60","review","0","1","45","45","38.583333333333336","3.019689999999997","","duplicate_exercise_within_day"
"R005","representative","full_gym","growth","3","standard","45","review","0","1","42","42","45","2.4793060000000082","","little_time_slack"
"R006","representative","full_gym","growth","3","foundation","60","pass","0","0","43","43","47.25","2.3202369999999917","",""
"R007","representative","full_gym","growth","4","standard","45","review","0","2","56","56","43.666666666666664","2.7669989999999984","","duplicate_exercise_within_day;little_time_slack"
"R008","representative","full_gym","balanced","3","standard","45","contract_fail","1","1","38","38","45","2.138863000000015","prescription_bounds","little_time_slack"
"R009","representative","full_gym","growth","4","foundation","60","review","0","1","60","60","48.166666666666664","2.7629830000000197","","duplicate_exercise_within_day"
"R010","representative","full_gym","growth","2","standard","60","pass","0","0","32","32","48.166666666666664","2.8531600000000026","",""
"R011","representative","full_gym","balanced","3","foundation","60","pass","0","0","43","43","51.333333333333336","2.120044000000007","",""
"R012","representative","full_gym","balanced","4","standard","45","review","0","1","45","45","38.583333333333336","2.083258999999998","","duplicate_exercise_within_day"
"R013","representative","full_gym","growth","3","standard","75","pass","0","0","49","49","52.083333333333336","3.1008620000000064","",""
"R014","representative","full_gym","growth","3","standard","90","pass","0","0","49","49","52.083333333333336","2.658525999999995","",""
"R015","representative","full_gym","strength","3","standard","60","pass","0","0","42","42","47.333333333333336","2.1031389999999988","",""
"R016","representative","full_gym","balanced","4","foundation","60","review","0","1","45","45","38.583333333333336","2.2770810000000097","","duplicate_exercise_within_day"
"R017","representative","full_gym","growth","5","standard","60","review","0","1","74","74","48.166666666666664","2.9952429999999595","","duplicate_exercise_within_day"
"R018","representative","full_gym","growth","3","foundation","45","review","0","2","42","42","45","2.0273149999999873","","foundation_effort_after_reduction;little_time_slack"
"R019","representative","full_gym","balanced","2","standard","60","review","0","1","29","29","51.25","1.7076829999999745","","duplicate_exercise_within_day"
"R020","representative","full_gym","growth","4","standard","75","review","0","1","60","60","48.166666666666664","2.6333679999999617","","duplicate_exercise_within_day"
"R021","representative","full_gym","growth","4","standard","90","review","0","1","60","60","48.166666666666664","2.415809999999965","","duplicate_exercise_within_day"
"R022","representative","full_gym","strength","4","standard","60","review","0","1","45","45","42.5","2.978147999999919","","duplicate_exercise_within_day"
"R023","representative","full_gym","growth","4","foundation","45","review","0","6","56","56","43.666666666666664","2.536391999999978","","foundation_effort_after_reduction;foundation_effort_after_reduction;foundation_effort_after_reduction;foundation_effort_after_reduction;duplicate_exercise_within_day;little_time_slack"
"R024","representative","full_gym","balanced","3","standard","75","pass","0","0","43","43","51.333333333333336","2.129248999999959","",""
"R025","representative","full_gym","balanced","3","standard","90","pass","0","0","43","43","51.333333333333336","2.502791000000002","",""
"R026","representative","full_gym","growth","2","standard","45","review","0","1","28","28","43.333333333333336","1.9074450000000525","","little_time_slack"
"R027","representative","bodyweight_only","home","3","standard","60","review","0","7","34","34","39.25","1.371505999999954","","primary_intent_only_secondary;primary_intent_only_secondary;primary_intent_only_secondary;duplicate_exercise_within_day;major_region_without_direct_work;high_direct_exposure;home_pull_limitation"
"R028","representative","full_gym","balanced","5","standard","60","review","0","1","60","60","43.333333333333336","3.343067999999903","","duplicate_exercise_within_day"
"R029","representative","full_gym","balanced","3","foundation","45","contract_fail","1","4","38","38","45","2.056799000000069","prescription_bounds","foundation_effort_after_reduction;foundation_effort_after_reduction;foundation_effort_after_reduction;little_time_slack"
"R030","representative","full_gym","growth","3","standard","60","pass","0","0","49","49","52.083333333333336","3.0544029999999793","",""
"R031","representative","full_gym","balanced","4","standard","75","review","0","1","45","45","38.583333333333336","2.148488000000043","","duplicate_exercise_within_day"
"R032","representative","full_gym","balanced","4","standard","90","review","0","1","45","45","38.583333333333336","2.255909000000088","","duplicate_exercise_within_day"
"R033","representative","full_gym","strength","3","standard","45","pass","0","0","36","36","42.5","2.430702999999994","",""
"R034","representative","full_gym","growth","2","foundation","60","pass","0","0","28","28","43.333333333333336","1.5417640000000574","",""
"R035","representative","full_gym","growth","6","standard","60","review","0","1","46","46","29.5","2.686238000000003","","duplicate_exercise_within_day"
"R036","representative","bodyweight_only","home","4","standard","60","review","0","7","39","39","32.25","1.5053080000000136","","primary_intent_only_secondary;primary_intent_only_secondary;primary_intent_only_secondary;duplicate_exercise_within_day;major_region_without_direct_work;high_direct_exposure;home_pull_limitation"
"R037","representative","full_gym","balanced","4","foundation","45","review","0","1","45","45","38.583333333333336","2.1413769999999204","","duplicate_exercise_within_day"
"R038","representative","full_gym","growth","4","standard","60","review","0","1","60","60","48.166666666666664","3.322938000000022","","duplicate_exercise_within_day"
"R039","representative","full_gym","growth","5","standard","45","review","0","2","70","70","43.666666666666664","3.1172180000000935","","duplicate_exercise_within_day;little_time_slack"
"R040","representative","full_gym","strength","3","foundation","60","pass","0","0","36","36","42.5","1.6394500000000107","",""
"R041","representative","full_gym","growth","3","foundation","75","pass","0","0","43","43","47.25","2.0025380000000723","",""
"R042","representative","full_gym","growth","3","foundation","90","pass","0","0","43","43","47.25","1.9458620000000337","",""
"R043","representative","full_gym","balanced","2","standard","45","review","0","2","24","24","44.5","1.745610000000056","","duplicate_exercise_within_day;little_time_slack"
"R044","representative","full_gym","strength","4","standard","45","review","0","1","45","45","42.5","1.9699980000000323","","duplicate_exercise_within_day"
"R045","representative","full_gym","growth","3","standard","60","pass","0","0","49","49","52.083333333333336","2.358172999999965","",""
"R046","representative","full_gym","balanced","3","standard","60","pass","0","0","42","42","51.333333333333336","2.461559999999963","",""
"R047","representative","full_gym","growth","5","foundation","60","review","0","1","72","72","48.166666666666664","2.809864999999945","","duplicate_exercise_within_day"
"R048","representative","machines_only","growth","3","standard","60","pass","0","0","49","49","52.083333333333336","2.1425890000000436","",""
"R049","representative","full_gym","balanced","2","foundation","60","review","0","1","27","27","51.25","1.7849099999998543","","duplicate_exercise_within_day"
"R050","representative","full_gym","growth","4","foundation","75","review","0","1","60","60","48.166666666666664","3.4949770000000626","","duplicate_exercise_within_day"
"R051","representative","full_gym","growth","4","foundation","90","review","0","1","60","60","48.166666666666664","2.5111349999999675","","duplicate_exercise_within_day"
"R052","representative","full_gym","strength","4","foundation","60","review","0","1","45","45","42.5","2.1188130000000456","","duplicate_exercise_within_day"
"R053","representative","full_gym","balanced","6","standard","60","review","0","1","50","50","34.083333333333336","2.756693999999925","","duplicate_exercise_within_day"
"R054","representative","full_gym","growth","4","standard","60","review","0","1","60","60","48.166666666666664","2.590292999999974","","duplicate_exercise_within_day"
"R055","representative","bodyweight_only","home","3","standard","45","review","0","7","34","34","39.25","1.3880319999998392","","primary_intent_only_secondary;primary_intent_only_secondary;primary_intent_only_secondary;duplicate_exercise_within_day;major_region_without_direct_work;high_direct_exposure;home_pull_limitation"
"R056","representative","full_gym","balanced","4","standard","60","review","0","1","45","45","38.583333333333336","2.4579039999998713","","duplicate_exercise_within_day"
"R057","representative","full_gym","balanced","5","standard","45","review","0","2","60","60","43.333333333333336","2.601560999999947","","duplicate_exercise_within_day;little_time_slack"
"R058","representative","full_gym","growth","2","standard","75","pass","0","0","32","32","48.166666666666664","1.8972989999999754","",""
"R059","representative","full_gym","growth","2","standard","90","pass","0","0","32","32","48.166666666666664","1.944529999999986","",""
"R060","representative","full_gym","strength","2","standard","60","pass","0","0","28","28","51.333333333333336","2.0633090000001175","",""
"R061","representative","full_gym","growth","3","standard","45","review","0","1","42","42","45","2.653389000000061","","little_time_slack"
"R062","representative","full_gym","balanced","3","foundation","75","pass","0","0","43","43","51.333333333333336","1.9997330000001057","",""
"R063","representative","full_gym","balanced","3","foundation","90","pass","0","0","43","43","51.333333333333336","2.3998269999999593","",""
"R064","representative","machines_only","growth","4","standard","60","review","0","1","60","60","48.166666666666664","1.8188609999999699","","duplicate_exercise_within_day"
"R065","representative","full_gym","balanced","3","standard","60","pass","0","0","43","43","51.333333333333336","2.1454530000000887","",""
"R066","representative","full_gym","growth","2","foundation","45","review","0","1","28","28","43.333333333333336","1.6509479999999712","","little_time_slack"
"R067","representative","full_gym","growth","6","standard","45","review","0","1","46","46","29.5","2.6876400000001013","","duplicate_exercise_within_day"
"R068","representative","bodyweight_only","home","3","foundation","60","review","0","7","34","34","39.25","1.3002989999999954","","primary_intent_only_secondary;primary_intent_only_secondary;primary_intent_only_secondary;duplicate_exercise_within_day;major_region_without_direct_work;high_direct_exposure;home_pull_limitation"
"R069","representative","bodyweight_only","home","4","standard","45","review","0","7","39","39","32.25","1.5261699999998655","","primary_intent_only_secondary;primary_intent_only_secondary;primary_intent_only_secondary;duplicate_exercise_within_day;major_region_without_direct_work;high_direct_exposure;home_pull_limitation"
"R070","representative","full_gym","strength","3","standard","75","pass","0","0","42","42","47.333333333333336","2.277651999999989","",""
"R071","representative","full_gym","strength","3","standard","90","pass","0","0","42","42","47.333333333333336","2.2270359999999982","",""
"R072","representative","full_gym","balanced","5","foundation","60","review","0","1","60","60","43.333333333333336","2.809763999999859","","duplicate_exercise_within_day"
"R073","representative","full_gym","growth","3","foundation","60","pass","0","0","43","43","47.25","2.642561999999998","",""
"R074","representative","full_gym","growth","4","standard","45","review","0","2","56","56","43.666666666666664","3.025049000000081","","duplicate_exercise_within_day;little_time_slack"
"R075","representative","full_gym","growth","3","standard","60","pass","0","0","49","49","52.083333333333336","2.921581999999944","",""
"R076","representative","full_gym","balanced","4","foundation","75","review","0","1","45","45","38.583333333333336","2.2707020000000284","","duplicate_exercise_within_day"
"R077","representative","full_gym","balanced","4","foundation","90","review","0","1","45","45","38.583333333333336","2.2713430000001154","","duplicate_exercise_within_day"
"R078","representative","full_gym","balanced","4","standard","60","review","0","1","45","45","38.583333333333336","2.642501999999922","","duplicate_exercise_within_day"
"R079","representative","full_gym","growth","5","standard","75","review","0","1","74","74","48.166666666666664","5.745818999999983","","duplicate_exercise_within_day"
"R080","representative","full_gym","growth","5","standard","90","review","0","1","74","74","48.166666666666664","5.1727750000000015","","duplicate_exercise_within_day"
"R081","representative","full_gym","strength","5","standard","60","review","0","1","61","61","48.166666666666664","2.609071999999969","","duplicate_exercise_within_day"
"R082","representative","full_gym","strength","3","foundation","45","pass","0","0","36","36","42.5","1.6313880000000154","",""
"R083","representative","full_gym","growth","3","standard","30","contract_fail","7","1","21","21","29.25","2.372474999999895","prescription_bounds","little_time_slack"
"R084","representative","full_gym","growth","3","standard","45","review","0","1","42","42","45","2.3058750000000146","","little_time_slack"
"R085","representative","full_gym","growth","6","foundation","60","review","0","1","46","46","29.5","2.644995999999992","","duplicate_exercise_within_day"
"R086","representative","bodyweight_only","home","4","foundation","60","review","0","7","39","39","32.25","1.3965550000000349","","primary_intent_only_secondary;primary_intent_only_secondary;primary_intent_only_secondary;duplicate_exercise_within_day;major_region_without_direct_work;high_direct_exposure;home_pull_limitation"
"R087","representative","full_gym","balanced","2","standard","75","review","0","1","29","29","51.25","1.6700869999999668","","duplicate_exercise_within_day"
"R088","representative","full_gym","balanced","2","standard","90","review","0","1","29","29","51.25","1.638499000000138","","duplicate_exercise_within_day"
"R089","representative","full_gym","strength","4","standard","75","review","0","1","45","45","42.5","2.0565090000000055","","duplicate_exercise_within_day"
"R090","representative","full_gym","strength","4","standard","90","review","0","1","45","45","42.5","1.952731999999969","","duplicate_exercise_within_day"
"R091","representative","full_gym","balanced","3","standard","45","contract_fail","1","1","38","38","44.5","2.197251000000051","prescription_bounds","little_time_slack"
"R092","representative","full_gym","growth","4","foundation","60","review","0","1","60","60","48.166666666666664","4.3254289999999855","","duplicate_exercise_within_day"
"R093","representative","full_gym","growth","5","foundation","45","review","0","6","68","68","43.666666666666664","2.740669999999909","","foundation_effort_after_reduction;foundation_effort_after_reduction;foundation_effort_after_reduction;foundation_effort_after_reduction;duplicate_exercise_within_day;little_time_slack"
"R094","representative","full_gym","growth","4","standard","60","review","0","1","60","60","48.166666666666664","2.4424609999998665","","duplicate_exercise_within_day"
"R095","representative","bodyweight_only","home","2","standard","60","review","0","5","27","27","39.25","1.1721370000000206","","primary_intent_only_secondary;primary_intent_only_secondary;duplicate_exercise_within_day;major_region_without_direct_work;home_pull_limitation"
"R096","representative","machines_only","growth","3","standard","45","review","0","1","42","42","45","1.6508380000000216","","little_time_slack"
"R097","representative","dumbbells","home","3","standard","60","review","0","1","42","42","39.25","1.741365000000087","","home_pull_limitation"
"R098","representative","full_gym","balanced","2","foundation","45","review","0","5","24","24","44.5","1.627702999999883","","foundation_effort_after_reduction;foundation_effort_after_reduction;foundation_effort_after_reduction;duplicate_exercise_within_day;little_time_slack"
"R099","representative","full_gym","strength","4","foundation","45","review","0","1","45","45","42.5","1.9711899999999787","","duplicate_exercise_within_day"
"R100","representative","full_gym","growth","3","foundation","60","pass","0","0","43","43","47.25","2.1117220000001","",""
"S001","stress","minimum_time_long_rest","growth","2","standard","30","contract_fail","6","0","12","12","27.333333333333332","1.9374400000001515","prescription_bounds",""
"S002","stress","foundation_under_time_pressure","growth","2","foundation","30","contract_fail","6","8","12","12","27.333333333333332","1.6521699999998418","prescription_bounds","foundation_effort_after_reduction;foundation_effort_after_reduction;foundation_effort_after_reduction;foundation_effort_after_reduction;foundation_effort_after_reduction;foundation_effort_after_reduction;foundation_effort_after_reduction;foundation_effort_after_reduction"
"S003","stress","sparse_equipment","growth","2","standard","90","pass","0","0","32","32","48.166666666666664","1.4099449999998797","",""
"S004","stress","preferences_and_exclusions","growth","2","standard","90","review","0","1","32","32","48.166666666666664","2.0265839999997297","","unmatched_exercise_preference"
"S005","stress","returning_with_priorities","growth","2","standard","90","review","0","1","32","32","62.88333333333333","2.4279089999999997","","duplicate_exercise_within_day"
"S006","stress","minimum_time_long_rest","growth","3","standard","30","contract_fail","10","1","18","18","28.5","2.6099130000002333","prescription_bounds","little_time_slack"
"S007","stress","foundation_under_time_pressure","growth","3","foundation","30","contract_fail","10","14","18","18","28.5","1.9604739999999765","prescription_bounds","foundation_effort_after_reduction;foundation_effort_after_reduction;foundation_effort_after_reduction;foundation_effort_after_reduction;foundation_effort_after_reduction;foundation_effort_after_reduction;foundation_effort_after_reduction;foundation_effort_after_reduction;foundation_effort_after_reduction;foundation_effort_after_reduction;foundation_effort_after_reduction;foundation_effort_after_reduction;foundation_effort_after_reduction;little_time_slack"
"S008","stress","sparse_equipment","growth","3","standard","90","pass","0","0","49","49","52.083333333333336","1.6310980000002928","",""
"S009","stress","preferences_and_exclusions","growth","3","standard","90","review","0","1","48","48","49.333333333333336","2.465396000000055","","unmatched_exercise_preference"
"S010","stress","returning_with_priorities","growth","3","standard","90","review","0","1","47","47","62.983333333333334","2.683003000000099","","duplicate_exercise_within_day"
"S011","stress","minimum_time_long_rest","growth","4","standard","45","review","0","2","42","42","44.416666666666664","2.6973250000000917","","duplicate_exercise_within_day;little_time_slack"
"S012","stress","foundation_under_time_pressure","growth","4","foundation","45","review","0","18","42","42","44.416666666666664","2.5362019999997756","","foundation_effort_after_reduction;foundation_effort_after_reduction;foundation_effort_after_reduction;foundation_effort_after_reduction;foundation_effort_after_reduction;foundation_effort_after_reduction;foundation_effort_after_reduction;foundation_effort_after_reduction;foundation_effort_after_reduction;foundation_effort_after_reduction;foundation_effort_after_reduction;foundation_effort_after_reduction;foundation_effort_after_reduction;foundation_effort_after_reduction;foundation_effort_after_reduction;foundation_effort_after_reduction;duplicate_exercise_within_day;little_time_slack"
"S013","stress","sparse_equipment","growth","4","standard","90","review","0","1","60","60","48.166666666666664","1.8082749999998668","","duplicate_exercise_within_day"
"S014","stress","preferences_and_exclusions","growth","4","standard","90","review","0","2","55","55","43.333333333333336","2.4286600000000362","","duplicate_exercise_within_day;unmatched_exercise_preference"
"S015","stress","returning_with_priorities","growth","4","standard","90","review","0","1","58","58","62.88333333333333","2.799488999999994","","duplicate_exercise_within_day"
"S016","stress","minimum_time_long_rest","growth","5","standard","45","review","0","2","52","52","44.416666666666664","3.4353069999997388","","duplicate_exercise_within_day;little_time_slack"
"S017","stress","foundation_under_time_pressure","growth","5","foundation","45","review","0","20","52","52","44.416666666666664","2.919249000000036","","foundation_effort_after_reduction;foundation_effort_after_reduction;foundation_effort_after_reduction;foundation_effort_after_reduction;foundation_effort_after_reduction;foundation_effort_after_reduction;foundation_effort_after_reduction;foundation_effort_after_reduction;foundation_effort_after_reduction;foundation_effort_after_reduction;foundation_effort_after_reduction;foundation_effort_after_reduction;foundation_effort_after_reduction;foundation_effort_after_reduction;foundation_effort_after_reduction;foundation_effort_after_reduction;foundation_effort_after_reduction;foundation_effort_after_reduction;duplicate_exercise_within_day;little_time_slack"
"S018","stress","sparse_equipment","growth","5","standard","90","review","0","1","74","74","48.166666666666664","2.0576310000001286","","duplicate_exercise_within_day"
"S019","stress","preferences_and_exclusions","growth","5","standard","90","review","0","2","67","67","43.333333333333336","2.8199799999997595","","duplicate_exercise_within_day;unmatched_exercise_preference"
"S020","stress","returning_with_priorities","growth","5","standard","90","review","0","1","74","74","62.88333333333333","3.8287100000002283","","duplicate_exercise_within_day"
"S021","stress","minimum_time_long_rest","growth","6","standard","30","contract_fail","6","1","36","36","28","2.782232000000022","prescription_bounds","duplicate_exercise_within_day"
"S022","stress","foundation_under_time_pressure","growth","6","foundation","30","contract_fail","6","1","36","36","28","2.680239000000256","prescription_bounds","duplicate_exercise_within_day"
"S023","stress","sparse_equipment","growth","6","standard","90","review","0","1","46","46","29.5","2.0759180000000015","","duplicate_exercise_within_day"
"S024","stress","preferences_and_exclusions","growth","6","standard","90","review","0","2","44","44","29.5","3.0539920000001075","","duplicate_exercise_within_day;unmatched_exercise_preference"
"S025","stress","returning_with_priorities","growth","6","standard","90","review","0","1","48","48","35.5","3.199611999999888","","duplicate_exercise_within_day"
"S026","stress","minimum_time_long_rest","balanced","2","standard","45","contract_fail","2","1","18","18","42.75","1.724739000000227","prescription_bounds","duplicate_exercise_within_day"
"S027","stress","foundation_under_time_pressure","balanced","2","foundation","45","contract_fail","2","8","18","18","42.75","1.619141000000127","prescription_bounds","foundation_effort_after_reduction;foundation_effort_after_reduction;foundation_effort_after_reduction;foundation_effort_after_reduction;foundation_effort_after_reduction;foundation_effort_after_reduction;foundation_effort_after_reduction;duplicate_exercise_within_day"
"S028","stress","sparse_equipment","balanced","2","standard","90","review","0","1","29","29","51.25","2.6365129999999226","","duplicate_exercise_within_day"
"S029","stress","preferences_and_exclusions","balanced","2","standard","90","review","0","1","28","28","48.5","1.6693850000001476","","unmatched_exercise_preference"
"S030","stress","returning_with_priorities","balanced","2","standard","90","pass","0","0","29","29","66.28333333333333","1.9112300000001596","",""
"S031","stress","minimum_time_long_rest","balanced","3","standard","45","contract_fail","2","1","29","29","44.583333333333336","2.1250920000002225","prescription_bounds","little_time_slack"
"S032","stress","foundation_under_time_pressure","balanced","3","foundation","45","contract_fail","2","12","29","29","44.583333333333336","1.9849309999999605","prescription_bounds","foundation_effort_after_reduction;foundation_effort_after_reduction;foundation_effort_after_reduction;foundation_effort_after_reduction;foundation_effort_after_reduction;foundation_effort_after_reduction;foundation_effort_after_reduction;foundation_effort_after_reduction;foundation_effort_after_reduction;foundation_effort_after_reduction;foundation_effort_after_reduction;little_time_slack"
"S033","stress","sparse_equipment","balanced","3","standard","90","pass","0","0","43","43","51.333333333333336","1.6968470000001616","",""
"S034","stress","preferences_and_exclusions","balanced","3","standard","90","review","0","2","40","40","51.333333333333336","2.0336349999997765","","duplicate_exercise_within_day;unmatched_exercise_preference"
"S035","stress","returning_with_priorities","balanced","3","standard","90","review","0","1","43","43","63.06666666666667","2.16332999999986","","duplicate_exercise_within_day"
"S036","stress","minimum_time_long_rest","balanced","4","standard","45","review","0","2","41","41","44.583333333333336","2.0572799999999916","","duplicate_exercise_within_day;little_time_slack"
"S037","stress","foundation_under_time_pressure","balanced","4","foundation","45","review","0","6","41","41","44.583333333333336","2.150380999999925","","foundation_effort_after_reduction;foundation_effort_after_reduction;foundation_effort_after_reduction;foundation_effort_after_reduction;duplicate_exercise_within_day;little_time_slack"
"S038","stress","sparse_equipment","balanced","4","standard","90","review","0","1","45","45","38.583333333333336","1.7376680000002125","","duplicate_exercise_within_day"
"S039","stress","preferences_and_exclusions","balanced","4","standard","90","review","0","2","43","43","38.583333333333336","2.065291999999772","","duplicate_exercise_within_day;unmatched_exercise_preference"
"S040","stress","returning_with_priorities","balanced","4","standard","90","review","0","1","43","43","50.5","2.361729000000196","","duplicate_exercise_within_day"
"S041","stress","minimum_time_long_rest","balanced","5","standard","45","review","0","2","52","52","44.583333333333336","2.5063970000001063","","duplicate_exercise_within_day;little_time_slack"
"S042","stress","foundation_under_time_pressure","balanced","5","foundation","45","review","0","10","52","52","44.583333333333336","2.587510000000293","","foundation_effort_after_reduction;foundation_effort_after_reduction;foundation_effort_after_reduction;foundation_effort_after_reduction;foundation_effort_after_reduction;foundation_effort_after_reduction;foundation_effort_after_reduction;foundation_effort_after_reduction;duplicate_exercise_within_day;little_time_slack"
"S043","stress","sparse_equipment","balanced","5","standard","90","review","0","1","60","60","43.333333333333336","2.151322000000164","","duplicate_exercise_within_day"
"S044","stress","preferences_and_exclusions","balanced","5","standard","90","review","0","2","55","55","38.583333333333336","2.387778000000253","","duplicate_exercise_within_day;unmatched_exercise_preference"
"S045","stress","returning_with_priorities","balanced","5","standard","90","review","0","1","58","58","56.46666666666667","3.3396730000004027","","duplicate_exercise_within_day"
"S046","stress","minimum_time_long_rest","balanced","6","standard","30","contract_fail","7","2","36","36","29.833333333333332","2.679388000000017","prescription_bounds","duplicate_exercise_within_day;little_time_slack"
"S047","stress","foundation_under_time_pressure","balanced","6","foundation","30","contract_fail","7","2","36","36","29.833333333333332","2.713079000000107","prescription_bounds","duplicate_exercise_within_day;little_time_slack"
"S048","stress","sparse_equipment","balanced","6","standard","90","review","0","1","50","50","34.083333333333336","2.1887179999998807","","duplicate_exercise_within_day"
"S049","stress","preferences_and_exclusions","balanced","6","standard","90","review","0","2","46","46","34.083333333333336","2.5446439999996073","","duplicate_exercise_within_day;unmatched_exercise_preference"
"S050","stress","returning_with_priorities","balanced","6","standard","90","review","0","1","50","50","40.083333333333336","2.951697999999851","","duplicate_exercise_within_day"
"S051","stress","minimum_time_long_rest","strength","2","standard","60","review","0","1","26","26","59.766666666666666","1.8109890000000632","","little_time_slack"
"S052","stress","foundation_under_time_pressure","strength","2","foundation","60","pass","0","0","24","24","56.65","1.4927099999999882","",""
"S053","stress","sparse_equipment","strength","2","standard","90","pass","0","0","28","28","51.333333333333336","1.4383480000001327","",""
"S054","stress","preferences_and_exclusions","strength","2","standard","90","review","0","1","28","28","51.333333333333336","1.5527600000000348","","unmatched_exercise_preference"
"S055","stress","returning_with_priorities","strength","2","standard","90","pass","0","0","28","28","63.06666666666667","1.7854000000002088","",""
"S056","stress","minimum_time_long_rest","strength","3","standard","45","pass","0","0","27","27","42.25","2.1239009999999325","",""
"S057","stress","foundation_under_time_pressure","strength","3","foundation","45","review","0","9","27","27","42.25","1.5823949999999058","","foundation_effort_after_reduction;foundation_effort_after_reduction;foundation_effort_after_reduction;foundation_effort_after_reduction;foundation_effort_after_reduction;foundation_effort_after_reduction;foundation_effort_after_reduction;foundation_effort_after_reduction;foundation_effort_after_reduction"
"S058","stress","sparse_equipment","strength","3","standard","90","pass","0","0","42","42","47.333333333333336","1.6811939999997776","",""
"S059","stress","preferences_and_exclusions","strength","3","standard","90","review","0","1","42","42","47.333333333333336","1.8307889999996405","","unmatched_exercise_preference"
"S060","stress","returning_with_priorities","strength","3","standard","90","pass","0","0","42","42","59.766666666666666","2.391654000000017","",""
"S061","stress","minimum_time_long_rest","strength","4","standard","45","review","0","2","40","40","44.583333333333336","2.006984999999986","","duplicate_exercise_within_day;little_time_slack"
"S062","stress","foundation_under_time_pressure","strength","4","foundation","45","review","0","7","40","40","44.583333333333336","2.6438349999998536","","foundation_effort_after_reduction;foundation_effort_after_reduction;foundation_effort_after_reduction;foundation_effort_after_reduction;foundation_effort_after_reduction;duplicate_exercise_within_day;little_time_slack"
"S063","stress","sparse_equipment","strength","4","standard","90","review","0","1","45","45","42.5","2.1477570000001833","","duplicate_exercise_within_day"
"S064","stress","preferences_and_exclusions","strength","4","standard","90","review","0","2","41","41","42.5","1.894003999999768","","duplicate_exercise_within_day;unmatched_exercise_preference"
"S065","stress","returning_with_priorities","strength","4","standard","90","review","0","1","43","43","53.5","3.1649489999999787","","duplicate_exercise_within_day"
"S066","stress","minimum_time_long_rest","strength","5","standard","45","review","0","2","50","50","44.583333333333336","2.72175100000004","","duplicate_exercise_within_day;little_time_slack"
"S067","stress","foundation_under_time_pressure","strength","5","foundation","45","review","0","11","50","50","44.583333333333336","2.3555599999999686","","foundation_effort_after_reduction;foundation_effort_after_reduction;foundation_effort_after_reduction;foundation_effort_after_reduction;foundation_effort_after_reduction;foundation_effort_after_reduction;foundation_effort_after_reduction;foundation_effort_after_reduction;foundation_effort_after_reduction;duplicate_exercise_within_day;little_time_slack"
"S068","stress","sparse_equipment","strength","5","standard","90","review","0","1","61","61","48.166666666666664","2.015367000000424","","duplicate_exercise_within_day"
"S069","stress","preferences_and_exclusions","strength","5","standard","90","review","0","2","55","55","42.666666666666664","2.4588659999999436","","duplicate_exercise_within_day;unmatched_exercise_preference"
"S070","stress","returning_with_priorities","strength","5","standard","90","review","0","1","59","59","62.88333333333333","2.7435749999999643","","duplicate_exercise_within_day"
"S071","stress","minimum_time_long_rest","strength","6","standard","30","contract_fail","9","1","36","36","29.833333333333332","3.067572999999811","prescription_bounds","little_time_slack"
"S072","stress","foundation_under_time_pressure","strength","6","foundation","30","contract_fail","9","2","36","36","29.833333333333332","2.682843000000048","prescription_bounds","duplicate_exercise_within_day;little_time_slack"
"S073","stress","sparse_equipment","strength","6","standard","90","pass","0","0","53","53","34.083333333333336","2.298163999999815","",""
"S074","stress","preferences_and_exclusions","strength","6","standard","90","review","0","2","49","49","34.083333333333336","2.9792889999998806","","duplicate_exercise_within_day;unmatched_exercise_preference"
"S075","stress","returning_with_priorities","strength","6","standard","90","review","0","1","51","51","40.083333333333336","3.063746999999694","","duplicate_exercise_within_day"
"S076","stress","minimum_time_long_rest","home","2","standard","45","review","0","6","24","24","44.75","1.3593580000001566","","primary_intent_only_secondary;primary_intent_only_secondary;duplicate_exercise_within_day;major_region_without_direct_work;little_time_slack;home_pull_limitation"
"S077","stress","foundation_under_time_pressure","home","2","foundation","45","review","0","9","24","24","44.75","1.1885310000002391","","foundation_effort_after_reduction;primary_intent_only_secondary;foundation_effort_after_reduction;primary_intent_only_secondary;foundation_effort_after_reduction;duplicate_exercise_within_day;major_region_without_direct_work;little_time_slack;home_pull_limitation"
"S078","stress","sparse_equipment","home","2","standard","90","pass","0","0","33","33","46.25","1.3654969999997775","",""
"S079","stress","preferences_and_exclusions","home","2","standard","90","review","0","2","33","33","46.25","1.3752230000000054","","duplicate_exercise_within_day;unmatched_exercise_preference"
"S080","stress","returning_with_priorities","home","2","standard","90","pass","0","0","33","33","62.983333333333334","1.4160740000002079","",""
"S081","stress","minimum_time_long_rest","home","3","standard","45","review","0","7","32","32","44.75","1.5533399999999347","","primary_intent_only_secondary;primary_intent_only_secondary;primary_intent_only_secondary;duplicate_exercise_within_day;major_region_without_direct_work;little_time_slack;home_pull_limitation"
"S082","stress","foundation_under_time_pressure","home","3","foundation","45","review","0","9","32","32","44.75","1.2548409999999421","","foundation_effort_after_reduction;primary_intent_only_secondary;foundation_effort_after_reduction;primary_intent_only_secondary;primary_intent_only_secondary;duplicate_exercise_within_day;major_region_without_direct_work;little_time_slack;home_pull_limitation"
"S083","stress","sparse_equipment","home","3","standard","90","review","0","6","40","40","39.25","1.3135999999999513","","primary_intent_only_secondary;primary_intent_only_secondary;primary_intent_only_secondary;duplicate_exercise_within_day;major_region_without_direct_work;high_direct_exposure"
"S084","stress","preferences_and_exclusions","home","3","standard","90","review","0","2","42","42","39.25","1.7865929999998116","","duplicate_exercise_within_day;unmatched_exercise_preference"
"S085","stress","returning_with_priorities","home","3","standard","90","pass","0","0","42","42","52.25","1.6935020000000804","",""
"S086","stress","minimum_time_long_rest","home","4","standard","30","review","0","7","28","28","28.75","1.3443160000001626","","primary_intent_only_secondary;primary_intent_only_secondary;primary_intent_only_secondary;duplicate_exercise_within_day;major_region_without_direct_work;little_time_slack;home_pull_limitation"
"S087","stress","foundation_under_time_pressure","home","4","foundation","30","review","0","16","28","28","28.75","1.3398090000000593","","foundation_effort_after_reduction;foundation_effort_after_reduction;foundation_effort_after_reduction;primary_intent_only_secondary;foundation_effort_after_reduction;foundation_effort_after_reduction;foundation_effort_after_reduction;primary_intent_only_secondary;foundation_effort_after_reduction;primary_intent_only_secondary;foundation_effort_after_reduction;foundation_effort_after_reduction;duplicate_exercise_within_day;major_region_without_direct_work;little_time_slack;home_pull_limitation"
"S088","stress","sparse_equipment","home","4","standard","90","review","0","1","45","45","34.25","1.6978289999997287","","duplicate_exercise_within_day"
"S089","stress","preferences_and_exclusions","home","4","standard","90","review","0","2","45","45","34.25","1.9133929999998145","","duplicate_exercise_within_day;unmatched_exercise_preference"
"S090","stress","returning_with_priorities","home","4","standard","90","review","0","1","45","45","46.25","1.8472240000000966","","duplicate_exercise_within_day"
"S091","stress","minimum_time_long_rest","home","5","standard","30","review","0","6","28","28","29.75","1.496024000000034","","primary_intent_only_secondary;primary_intent_only_secondary;duplicate_exercise_within_day;major_region_without_direct_work;little_time_slack;home_pull_limitation"
"S092","stress","foundation_under_time_pressure","home","5","foundation","30","review","0","9","28","28","29.75","1.256242999999813","","foundation_effort_after_reduction;primary_intent_only_secondary;primary_intent_only_secondary;foundation_effort_after_reduction;foundation_effort_after_reduction;duplicate_exercise_within_day;major_region_without_direct_work;little_time_slack;home_pull_limitation"
"S093","stress","sparse_equipment","home","5","standard","90","review","0","4","37","37","28.25","1.4117069999997511","","primary_intent_only_secondary;primary_intent_only_secondary;duplicate_exercise_within_day;major_region_without_direct_work"
"S094","stress","preferences_and_exclusions","home","5","standard","90","review","0","2","37","37","28.25","1.6037470000001122","","duplicate_exercise_within_day;unmatched_exercise_preference"
"S095","stress","returning_with_priorities","home","5","standard","90","review","0","1","37","37","37.25","1.683107000000291","","duplicate_exercise_within_day"
"S096","stress","minimum_time_long_rest","home","6","standard","30","review","0","6","32","32","26","1.4593190000000504","","primary_intent_only_secondary;primary_intent_only_secondary;primary_intent_only_secondary;duplicate_exercise_within_day;major_region_without_direct_work;home_pull_limitation"
"S097","stress","foundation_under_time_pressure","home","6","foundation","30","review","0","6","32","32","26","1.4459389999997256","","primary_intent_only_secondary;primary_intent_only_secondary;primary_intent_only_secondary;duplicate_exercise_within_day;major_region_without_direct_work;home_pull_limitation"
"S098","stress","sparse_equipment","home","6","standard","90","review","0","1","36","36","21.5","1.9032979999997224","","duplicate_exercise_within_day"
"S099","stress","preferences_and_exclusions","home","6","standard","90","review","0","2","36","36","21.5","1.8690569999998843","","duplicate_exercise_within_day;unmatched_exercise_preference"
"S100","stress","returning_with_priorities","home","6","standard","90","review","0","1","36","36","26","2.0549459999997453","","duplicate_exercise_within_day"
